{
    "name": "root",
    "gauges": {
        "Training.Policy.Entropy.mean": {
            "value": 0.9172865152359009,
            "min": 0.9172865152359009,
            "max": 1.0961995124816895,
            "count": 20
        },
        "Training.Policy.Entropy.sum": {
            "value": 45867.99609375,
            "min": 45867.99609375,
            "max": 55326.46875,
            "count": 20
        },
        "Training.Step.mean": {
            "value": 999975.0,
            "min": 49990.0,
            "max": 999975.0,
            "count": 20
        },
        "Training.Step.sum": {
            "value": 999975.0,
            "min": 49990.0,
            "max": 999975.0,
            "count": 20
        },
        "Training.Policy.ExtrinsicValueEstimate.mean": {
            "value": 0.09850609302520752,
            "min": 0.051865626126527786,
            "max": 0.10640493035316467,
            "count": 20
        },
        "Training.Policy.ExtrinsicValueEstimate.sum": {
            "value": 44.623260498046875,
            "min": 24.636173248291016,
            "max": 48.73345947265625,
            "count": 20
        },
        "Training.Policy.CuriosityValueEstimate.mean": {
            "value": 0.36928996443748474,
            "min": 0.08532281219959259,
            "max": 0.3776479959487915,
            "count": 20
        },
        "Training.Policy.CuriosityValueEstimate.sum": {
            "value": 167.28836059570312,
            "min": 40.52833557128906,
            "max": 173.34042358398438,
            "count": 20
        },
        "Training.Environment.EpisodeLength.mean": {
            "value": 367.46017699115043,
            "min": 247.37869822485206,
            "max": 469.1864406779661,
            "count": 20
        },
        "Training.Environment.EpisodeLength.sum": {
            "value": 41523.0,
            "min": 37736.0,
            "max": 55364.0,
            "count": 20
        },
        "Training.Environment.CumulativeReward.mean": {
            "value": 3.7844640890668546,
            "min": 2.0610712826961564,
            "max": 4.737226699205006,
            "count": 20
        },
        "Training.Environment.CumulativeReward.sum": {
            "value": 423.8599779754877,
            "min": 331.52998338639736,
            "max": 563.7299772053957,
            "count": 20
        },
        "Training.Policy.ExtrinsicReward.mean": {
            "value": 3.7844640890668546,
            "min": 2.0610712826961564,
            "max": 4.737226699205006,
            "count": 20
        },
        "Training.Policy.ExtrinsicReward.sum": {
            "value": 423.8599779754877,
            "min": 331.52998338639736,
            "max": 563.7299772053957,
            "count": 20
        },
        "Training.Policy.CuriosityReward.mean": {
            "value": 1.2386015555738206,
            "min": 0.3912163265104893,
            "max": 2.162342066316218,
            "count": 20
        },
        "Training.Policy.CuriosityReward.sum": {
            "value": 138.7233742242679,
            "min": 65.72434285376221,
            "max": 266.44887245073915,
            "count": 20
        },
        "Training.Losses.PolicyLoss.mean": {
            "value": 0.025740478007113175,
            "min": 0.022571537128897035,
            "max": 0.0272562896789168,
            "count": 20
        },
        "Training.Losses.PolicyLoss.sum": {
            "value": 0.05148095601422635,
            "min": 0.022801089774778422,
            "max": 0.05305497486551758,
            "count": 20
        },
        "Training.Losses.ValueLoss.mean": {
            "value": 0.009072595419032345,
            "min": 0.007059743154968601,
            "max": 0.013508854797692038,
            "count": 20
        },
        "Training.Losses.ValueLoss.sum": {
            "value": 0.01814519083806469,
            "min": 0.007059743154968601,
            "max": 0.018340566035476513,
            "count": 20
        },
        "Training.Policy.LearningRate.mean": {
            "value": 3.0962096903799986e-05,
            "min": 3.0962096903799986e-05,
            "max": 0.0009672290032771003,
            "count": 20
        },
        "Training.Policy.LearningRate.sum": {
            "value": 6.192419380759997e-05,
            "min": 6.192419380759997e-05,
            "max": 0.0018357470164253,
            "count": 20
        },
        "Training.Policy.Epsilon.mean": {
            "value": 0.10309620000000003,
            "min": 0.10309620000000003,
            "max": 0.1967229,
            "count": 20
        },
        "Training.Policy.Epsilon.sum": {
            "value": 0.20619240000000005,
            "min": 0.10802449999999998,
            "max": 0.38357470000000005,
            "count": 20
        },
        "Training.Policy.Beta.mean": {
            "value": 0.00016450038,
            "min": 0.00016450038,
            "max": 0.004836472709999999,
            "count": 20
        },
        "Training.Policy.Beta.sum": {
            "value": 0.00032900076,
            "min": 0.00032900076,
            "max": 0.009180377529999999,
            "count": 20
        },
        "Training.Losses.CuriosityForwardLoss.mean": {
            "value": 0.16237174013319117,
            "min": 0.098778908373788,
            "max": 0.901212397031486,
            "count": 20
        },
        "Training.Losses.CuriosityForwardLoss.sum": {
            "value": 0.32474348026638233,
            "min": 0.098778908373788,
            "max": 0.901212397031486,
            "count": 20
        },
        "Training.Losses.CuriosityInverseLoss.mean": {
            "value": 0.28090121457353234,
            "min": 0.28090121457353234,
            "max": 0.987522225206097,
            "count": 20
        },
        "Training.Losses.CuriosityInverseLoss.sum": {
            "value": 0.5618024291470647,
            "min": 0.2967839795164764,
            "max": 1.5129241651544967,
            "count": 20
        },
        "Training.IsTraining.mean": {
            "value": 1.0,
            "min": 1.0,
            "max": 1.0,
            "count": 20
        },
        "Training.IsTraining.sum": {
            "value": 1.0,
            "min": 1.0,
            "max": 1.0,
            "count": 20
        }
    },
    "metadata": {
        "timer_format_version": "0.1.0",
        "start_time_seconds": "1734600881",
        "python_version": "3.7.16 (default, Jan 17 2023, 16:06:28) [MSC v.1916 64 bit (AMD64)]",
        "command_line_arguments": "C:\\Users\\TemK\\anaconda3\\envs\\unity\\Scripts\\mlagents-learn Assets/Training/Training.yaml --run-id=BatchSize1024",
        "mlagents_version": "0.28.0",
        "mlagents_envs_version": "0.28.0",
        "communication_protocol_version": "1.5.0",
        "pytorch_version": "1.7.1+cu110",
        "numpy_version": "1.21.6",
        "end_time_seconds": "1734601826"
    },
    "total": 945.4451502000001,
    "count": 1,
    "self": 0.010980600000038976,
    "children": {
        "run_training.setup": {
            "total": 0.07431199999999993,
            "count": 1,
            "self": 0.07431199999999993
        },
        "TrainerController.start_learning": {
            "total": 945.3598576,
            "count": 1,
            "self": 2.1942616999845086,
            "children": {
                "TrainerController._reset_env": {
                    "total": 5.5207592,
                    "count": 1,
                    "self": 5.5207592
                },
                "TrainerController.advance": {
                    "total": 937.5821558000155,
                    "count": 111174,
                    "self": 1.0970481000052814,
                    "children": {
                        "env_step": {
                            "total": 936.4851077000102,
                            "count": 111174,
                            "self": 775.614732400002,