{
    "name": "root",
    "metadata": {
        "timer_format_version": "0.1.0",
        "start_time_seconds": "1734445218",
        "python_version": "3.7.16 (default, Jan 17 2023, 16:06:28) [MSC v.1916 64 bit (AMD64)]",
        "command_line_arguments": "C:\\Users\\TemK\\anaconda3\\envs\\unity\\Scripts\\mlagents-learn Assets/Training/Training.yaml --run-id=Attempt1_BaseConfig",
        "mlagents_version": "0.28.0",
        "mlagents_envs_version": "0.28.0",
        "communication_protocol_version": "1.5.0",
        "pytorch_version": "1.7.1+cu110",
        "numpy_version": "1.21.6",
        "end_time_seconds": "1734445336"
    },
    "total": 117.8698967,
    "count": 1,
    "self": 0.006872500000000059,
    "children": {
        "run_training.setup": {
            "total": 0.08203669999999996,
            "count": 1,
            "self": 0.08203669999999996
        },
        "TrainerController.start_learning": {
            "total": 117.7809875,
            "count": 1,
            "self": 0.00016499999998131898,
            "children": {
                "TrainerController._reset_env": {
                    "total": 23.615788,
                    "count": 1,
                    "self": 23.615788
                },
                "TrainerController.advance": {
                    "total": 92.35732540000001,
                    "count": 1,
                    "self": 2.729999999928623e-05,
                    "children": {
                        "env_step": {
                            "total": 92.35729810000001,
                            "count": 1,
                            "self": 92.3572869,
                            "children": {
                                "SubprocessEnvManager._take_step": {
                                    "total": 1.1199999999433885e-05,
                                    "count": 1,
                                    "self": 1.1199999999433885e-05
                                }
                            }
                        }
                    }
                },
                "TrainerController._save_models": {
                    "total": 1.807709100000011,
                    "count": 1,
                    "self": 0.02383530000001599,
                    "children": {
                        "RLTrainer._checkpoint": {
                            "total": 1.783873799999995,
                            "count": 1,
                            "self": 1.783873799999995
                        }
                    }
                }
            }
        }
    }
}