{
    "name": "root",
    "metadata": {
        "timer_format_version": "0.1.0",
        "start_time_seconds": "1734444251",
        "python_version": "3.7.16 (default, Jan 17 2023, 16:06:28) [MSC v.1916 64 bit (AMD64)]",
        "command_line_arguments": "C:\\Users\\TemK\\anaconda3\\envs\\unity\\Scripts\\mlagents-learn",
        "mlagents_version": "0.28.0",
        "mlagents_envs_version": "0.28.0",
        "communication_protocol_version": "1.5.0",
        "pytorch_version": "1.7.1+cu110",
        "numpy_version": "1.21.6",
        "end_time_seconds": "1734444392"
    },
    "total": 140.343385,
    "count": 1,
    "self": 0.0071456000000011954,
    "children": {
        "run_training.setup": {
            "total": 0.027679199999999682,
            "count": 1,
            "self": 0.027679199999999682
        },
        "TrainerController.start_learning": {
            "total": 140.30856020000002,
            "count": 1,
            "self": 0.00018530000002670022,
            "children": {
                "TrainerController._reset_env": {
                    "total": 12.041610200000001,
                    "count": 1,
                    "self": 12.041610200000001
                },
                "TrainerController.advance": {
                    "total": 126.46558739999999,
                    "count": 1,
                    "self": 3.2199999978388405e-05,
                    "children": {
                        "env_step": {
                            "total": 126.46555520000001,
                            "count": 1,
                            "self": 126.4655472,
                            "children": {
                                "SubprocessEnvManager._take_step": {
                                    "total": 8.000000001118224e-06,
                                    "count": 1,
                                    "self": 8.000000001118224e-06
                                }
                            }
                        }
                    }
                },
                "TrainerController._save_models": {
                    "total": 1.8011773000000062,
                    "count": 1,
                    "self": 0.013920600000005834,
                    "children": {
                        "RLTrainer._checkpoint": {
                            "total": 1.7872567000000004,
                            "count": 1,
                            "self": 1.7872567000000004
                        }
                    }
                }
            }
        }
    }
}